meter_id,archetype,seed,rows,missing_pct,active_kw,weak_active,weak_standby,weak_off,weak_unsure
s38_m01,night_standby,38000,8636,1.97,0.5008,64,25,0,1
s38_m02,night_standby,38001,8636,6.0,34.0455,65,24,0,1
s38_m03,night_standby,38002,8636,2.77,0.5201,65,25,0,0
s38_m04,night_standby,38003,8636,5.28,68.1324,65,25,0,0
s38_m05,mostly_off,38004,8636,0.73,103.1665,0,0,90,0
s38_m06,mostly_off,38005,8636,1.74,9.8095,0,0,90,0
s38_m07,mostly_off,38006,8636,4.86,383.7868,0,0,90,0
s38_m08,weekend_line,38007,8636,6.22,278.5372,89,0,0,1
s38_m09,weekend_line,38008,8636,9.23,204.1938,87,0,0,3
s38_m10,mixed,38009,8636,5.67,224.6095,0,0,0,90
s38_m11,mixed,38010,8636,5.19,17.5539,0,0,0,90
s38_m12,night_standby,38011,8636,3.96,9.6632,63,25,0,2
